{
    "metrics": {
        "iterations": {
            "count": 372,
            "rate": 7.288844154021538
        },
        "checks": {
            "passes": 372,
            "fails": 0,
            "value": 1
        },
        "vus": {
            "value": 1,
            "min": 1,
            "max": 10
        },
        "http_req_tls_handshaking": {
            "med": 0,
            "p(90)": 0,
            "p(95)": 0,
            "p(99)": 0,
            "max": 0,
            "avg": 0,
            "min": 0
        },
        "data_sent": {
            "rate": 2033.587518972009,
            "count": 103788
        },
        "http_reqs": {
            "rate": 7.288844154021538,
            "count": 372
        },
        "http_req_receiving": {
            "med": 0.54255,
            "p(90)": 1.4144900000000016,
            "p(95)": 1.7608499999999998,
            "p(99)": 2.6333480000000007,
            "max": 5.8346,
            "avg": 0.6820370967741936,
            "min": 0
        },
        "http_req_sending": {
            "p(99)": 0.370771000000001,
            "max": 0.5326,
            "avg": 0.015549731182795696,
            "min": 0,
            "med": 0,
            "p(90)": 0,
            "p(95)": 0.12108499999999973
        },
        "http_req_duration{expected_response:true}": {
            "avg": 108.28305188172038,
            "min": 55.7769,
            "med": 109.40975,
            "p(90)": 133.70912,
            "p(95)": 156.923755,
            "p(99)": 196.55202500000001,
            "max": 317.1929
        },
        "http_req_blocked": {
            "med": 0,
            "p(90)": 0,
            "p(95)": 0,
            "p(99)": 0.8925060000000034,
            "max": 1.2151,
            "avg": 0.022777688172043013,
            "min": 0
        },
        "http_req_failed": {
            "passes": 0,
            "fails": 372,
            "thresholds": {
                "rate<0.02": false
            },
            "value": 0
        },
        "data_received": {
            "count": 1057968,
            "rate": 20729.472774037255
        },
        "http_req_waiting": {
            "p(99)": 195.740419,
            "max": 317.1929,
            "avg": 107.58546505376341,
            "min": 55.1566,
            "med": 108.8689,
            "p(90)": 133.38105,
            "p(95)": 156.11226
        },
        "vus_max": {
            "value": 10,
            "min": 10,
            "max": 10
        },
        "http_req_connecting": {
            "p(90)": 0,
            "p(95)": 0,
            "p(99)": 0.5548580000000004,
            "max": 1.2151,
            "avg": 0.016747849462365592,
            "min": 0,
            "med": 0
        },
        "http_req_duration": {
            "med": 109.40975,
            "p(90)": 133.70912,
            "p(95)": 156.923755,
            "p(99)": 196.55202500000001,
            "max": 317.1929,
            "avg": 108.28305188172038,
            "min": 55.7769,
            "thresholds": {
                "p(95)<1200": false,
                "p(99)<2000": false
            }
        },
        "iteration_duration": {
            "avg": 1108.8357268817203,
            "min": 1056.2409,
            "med": 1110.0172499999999,
            "p(90)": 1134.3576500000001,
            "p(95)": 1157.7186550000001,
            "p(99)": 1197.486077,
            "max": 1317.3913
        }
    },
    "root_group": {
        "id": "d41d8cd98f00b204e9800998ecf8427e",
        "groups": {},
        "checks": {
                "status is 2xx/3xx": {
                    "name": "status is 2xx/3xx",
                    "path": "::status is 2xx/3xx",
                    "id": "31d112b7c260d99cd32154b60b2c588b",
                    "passes": 372,
                    "fails": 0
                }
            },
        "name": "",
        "path": ""
    }
}