{
    "root_group": {
        "name": "",
        "path": "",
        "id": "d41d8cd98f00b204e9800998ecf8427e",
        "groups": {},
        "checks": {
                "status is 2xx/3xx": {
                    "path": "::status is 2xx/3xx",
                    "id": "31d112b7c260d99cd32154b60b2c588b",
                    "passes": 86,
                    "fails": 0,
                    "name": "status is 2xx/3xx"
                }
            }
    },
    "metrics": {
        "http_req_waiting": {
            "avg": 117.57402441860462,
            "min": 75.1403,
            "med": 118.5805,
            "p(90)": 123.76474999999999,
            "p(95)": 126.502675,
            "p(99)": 141.18224,
            "max": 142.2155
        },
        "data_received": {
            "count": 244584,
            "rate": 6068.153172329125
        },
        "http_req_duration": {
            "min": 76.2778,
            "med": 118.9288,
            "p(90)": 124.3977,
            "p(95)": 126.973125,
            "p(99)": 141.288905,
            "max": 142.9266,
            "avg": 118.0358476744186,
            "thresholds": {
                "p(99)<2000": false,
                "p(95)<1200": false
            }
        },
        "http_req_tls_handshaking": {
            "med": 0,
            "p(90)": 0,
            "p(95)": 0,
            "p(99)": 0,
            "max": 0,
            "avg": 0,
            "min": 0
        },
        "iterations": {
            "count": 86,
            "rate": 2.1336684853477936
        },
        "http_req_failed": {
            "passes": 0,
            "fails": 86,
            "thresholds": {
                "rate<0.02": false
            },
            "value": 0
        },
        "http_req_blocked": {
            "min": 0,
            "med": 0,
            "p(90)": 0,
            "p(95)": 0,
            "p(99)": 1.2112900000000033,
            "max": 1.7031,
            "avg": 0.03593488372093023
        },
        "checks": {
            "passes": 86,
            "fails": 0,
            "value": 1
        },
        "iteration_duration": {
            "avg": 1118.689570930232,
            "min": 1076.8712,
            "med": 1119.4437,
            "p(90)": 1125.1853999999998,
            "p(95)": 1127.49635,
            "p(99)": 1142.028895,
            "max": 1143.3764
        },
        "http_req_sending": {
            "min": 0,
            "med": 0,
            "p(90)": 0,
            "p(95)": 0.043275,
            "p(99)": 0.39281000000000077,
            "max": 0.5113,
            "avg": 0.018270930232558137
        },
        "http_req_connecting": {
            "min": 0,
            "med": 0,
            "p(90)": 0,
            "p(95)": 0,
            "p(99)": 1.0424050000000002,
            "max": 1.0668,
            "avg": 0.02753139534883721
        },
        "data_sent": {
            "count": 23994,
            "rate": 595.2935074120344
        },
        "http_reqs": {
            "count": 86,
            "rate": 2.1336684853477936
        },
        "http_req_receiving": {
            "p(90)": 0.9507,
            "p(95)": 1.0043250000000001,
            "p(99)": 1.2133,
            "max": 1.2405,
            "avg": 0.44355232558139535,
            "min": 0,
            "med": 0.4386
        },
        "vus": {
            "min": 1,
            "max": 3,
            "value": 1
        },
        "vus_max": {
            "value": 3,
            "min": 3,
            "max": 3
        },
        "http_req_duration{expected_response:true}": {
            "p(99)": 141.288905,
            "max": 142.9266,
            "avg": 118.0358476744186,
            "min": 76.2778,
            "med": 118.9288,
            "p(90)": 124.3977,
            "p(95)": 126.973125
        }
    }
}