{
    "root_group": {
        "groups": {},
        "checks": {
                "status is 2xx/3xx": {
                    "path": "::status is 2xx/3xx",
                    "id": "31d112b7c260d99cd32154b60b2c588b",
                    "passes": 368,
                    "fails": 0,
                    "name": "status is 2xx/3xx"
                }
            },
        "name": "",
        "path": "",
        "id": "d41d8cd98f00b204e9800998ecf8427e"
    },
    "metrics": {
        "http_req_duration{expected_response:true}": {
            "p(99)": 144.50817199999997,
            "max": 320.5126,
            "avg": 112.62664375000004,
            "min": 56.0782,
            "med": 117.46645000000001,
            "p(90)": 127.87014,
            "p(95)": 136.950415
        },
        "http_reqs": {
            "count": 368,
            "rate": 7.348396705240904
        },
        "checks": {
            "fails": 0,
            "passes": 368,
            "value": 1
        },
        "http_req_receiving": {
            "min": 0,
            "med": 0.6138,
            "p(90)": 1.50142,
            "p(95)": 1.8326899999999997,
            "p(99)": 2.7384439999999968,
            "max": 4.1392,
            "avg": 0.7176000000000001
        },
        "http_req_connecting": {
            "avg": 0.02088478260869565,
            "min": 0,
            "med": 0,
            "p(90)": 0,
            "p(95)": 0,
            "p(99)": 0.8403799999999995,
            "max": 1.3308
        },
        "http_req_sending": {
            "avg": 0.01762038043478261,
            "min": 0,
            "med": 0,
            "p(90)": 0,
            "p(95)": 0.12908999999999893,
            "p(99)": 0.42145399999999966,
            "max": 0.5992
        },
        "http_req_duration": {
            "avg": 112.62664375000004,
            "min": 56.0782,
            "med": 117.46645000000001,
            "p(90)": 127.87014,
            "p(95)": 136.950415,
            "p(99)": 144.50817199999997,
            "max": 320.5126,
            "thresholds": {
                "p(95)<1200": false,
                "p(99)<2000": false
            }
        },
        "http_req_tls_handshaking": {
            "p(99)": 0,
            "max": 0,
            "avg": 0,
            "min": 0,
            "med": 0,
            "p(90)": 0,
            "p(95)": 0
        },
        "http_req_waiting": {
            "avg": 111.89142336956532,
            "min": 55.6993,
            "med": 116.8481,
            "p(90)": 126.94890000000001,
            "p(95)": 136.36051999999998,
            "p(99)": 143.550411,
            "max": 320.5126
        },
        "vus_max": {
            "value": 10,
            "min": 10,
            "max": 10
        },
        "iteration_duration": {
            "p(90)": 1128.52479,
            "p(95)": 1137.3104700000001,
            "p(99)": 1144.831385,
            "max": 1321.5264,
            "avg": 1113.223872010869,
            "min": 1056.3352,
            "med": 1118.0221999999999
        },
        "http_req_blocked": {
            "min": 0,
            "med": 0,
            "p(90)": 0,
            "p(95)": 0,
            "p(99)": 0.8403799999999995,
            "max": 1.8374,
            "avg": 0.024474999999999997
        },
        "vus": {
            "value": 1,
            "min": 1,
            "max": 10
        },
        "data_sent": {
            "count": 102672,
            "rate": 2050.2026807622124
        },
        "data_received": {
            "rate": 20898.84022970513,
            "count": 1046592
        },
        "iterations": {
            "count": 368,
            "rate": 7.348396705240904
        },
        "http_req_failed": {
            "passes": 0,
            "fails": 368,
            "thresholds": {
                "rate<0.02": false
            },
            "value": 0
        }
    }
}