{
    "metrics": {
        "vus": {
            "min": 1,
            "max": 10,
            "value": 1
        },
        "data_sent": {
            "count": 190557,
            "rate": 2105.4260009103195
        },
        "data_received": {
            "count": 1942452,
            "rate": 21461.761815731
        },
        "http_req_connecting": {
            "p(90)": 0,
            "p(95)": 0,
            "p(99)": 0.5335039999999996,
            "max": 1.7977,
            "avg": 0.012060907759882871,
            "min": 0,
            "med": 0
        },
        "iteration_duration": {
            "p(95)": 1137.26477,
            "p(99)": 1161.232342,
            "max": 1182.8297,
            "avg": 1115.978299414347,
            "min": 1055.0959,
            "med": 1119.3569,
            "p(90)": 1130.32464
        },
        "http_req_duration": {
            "min": 54.5232,
            "med": 118.8277,
            "p(90)": 129.91086,
            "p(95)": 136.75225,
            "p(99)": 160.46798999999996,
            "max": 182.5382,
            "avg": 115.34729487554911,
            "thresholds": {
                "p(95)<1200": false,
                "p(99)<2000": false
            }
        },
        "http_req_duration{expected_response:true}": {
            "avg": 115.34729487554911,
            "min": 54.5232,
            "med": 118.8277,
            "p(90)": 129.91086,
            "p(95)": 136.75225,
            "p(99)": 160.46798999999996,
            "max": 182.5382
        },
        "http_req_sending": {
            "avg": 0.013659590043923864,
            "min": 0,
            "med": 0,
            "p(90)": 0,
            "p(95)": 0,
            "p(99)": 0.508898,
            "max": 0.5833
        },
        "iterations": {
            "rate": 7.546329752366737,
            "count": 683
        },
        "http_req_tls_handshaking": {
            "avg": 0,
            "min": 0,
            "med": 0,
            "p(90)": 0,
            "p(95)": 0,
            "p(99)": 0,
            "max": 0
        },
        "http_req_failed": {
            "passes": 0,
            "fails": 683,
            "thresholds": {
                "rate<0.02": false
            },
            "value": 0
        },
        "http_reqs": {
            "count": 683,
            "rate": 7.546329752366737
        },
        "http_req_blocked": {
            "p(90)": 0,
            "p(95)": 0,
            "p(99)": 0.5335039999999996,
            "max": 1.7977,
            "avg": 0.013908638360175694,
            "min": 0,
            "med": 0
        },
        "checks": {
            "passes": 683,
            "fails": 0,
            "value": 1
        },
        "http_req_waiting": {
            "p(90)": 129.32010000000002,
            "p(95)": 135.98655999999997,
            "p(99)": 159.2240199999999,
            "max": 181.5416,
            "avg": 114.77014875549062,
            "min": 54.1264,
            "med": 118.1546
        },
        "http_req_receiving": {
            "avg": 0.5634865300146416,
            "min": 0,
            "med": 0.5086,
            "p(90)": 1.1357800000000002,
            "p(95)": 1.4888199999999996,
            "p(99)": 2.036515999999997,
            "max": 2.789
        },
        "vus_max": {
            "value": 10,
            "min": 10,
            "max": 10
        }
    },
    "root_group": {
        "name": "",
        "path": "",
        "id": "d41d8cd98f00b204e9800998ecf8427e",
        "groups": {},
        "checks": {
                "status is 2xx/3xx": {
                    "path": "::status is 2xx/3xx",
                    "id": "31d112b7c260d99cd32154b60b2c588b",
                    "passes": 683,
                    "fails": 0,
                    "name": "status is 2xx/3xx"
                }
            }
    }
}