{
    "root_group": {
        "id": "d41d8cd98f00b204e9800998ecf8427e",
        "groups": {},
        "checks": {
                "status is 2xx/3xx": {
                    "name": "status is 2xx/3xx",
                    "path": "::status is 2xx/3xx",
                    "id": "31d112b7c260d99cd32154b60b2c588b",
                    "passes": 208,
                    "fails": 0
                }
            },
        "name": "",
        "path": ""
    },
    "metrics": {
        "iteration_duration": {
            "med": 1119.95225,
            "p(90)": 1129.8503600000001,
            "p(95)": 1170.0144699999996,
            "p(99)": 1350.7484670000008,
            "max": 1481.5264,
            "avg": 1126.5142471153852,
            "min": 1072.8311
        },
        "vus_max": {
            "value": 3,
            "min": 3,
            "max": 3
        },
        "http_req_duration{expected_response:true}": {
            "avg": 125.91726971153842,
            "min": 72.6752,
            "med": 119.34694999999999,
            "p(90)": 129.12922,
            "p(95)": 169.65090499999957,
            "p(99)": 349.68094100000076,
            "max": 480.775
        },
        "http_req_connecting": {
            "max": 2.0505,
            "avg": 0.018383653846153848,
            "min": 0,
            "med": 0,
            "p(90)": 0,
            "p(95)": 0,
            "p(99)": 0.48034500000000346
        },
        "http_req_sending": {
            "p(90)": 0,
            "p(95)": 0,
            "p(99)": 0.22159300000000123,
            "max": 1.0123,
            "avg": 0.008949038461538461,
            "min": 0,
            "med": 0
        },
        "http_req_duration": {
            "p(95)": 169.65090499999957,
            "p(99)": 349.68094100000076,
            "max": 480.775,
            "avg": 125.91726971153842,
            "min": 72.6752,
            "med": 119.34694999999999,
            "p(90)": 129.12922,
            "thresholds": {
                "p(95)<1200": false,
                "p(99)<2000": false
            }
        },
        "data_sent": {
            "count": 58032,
            "rate": 642.6593289099061
        },
        "vus": {
            "min": 1,
            "max": 3,
            "value": 1
        },
        "data_received": {
            "count": 591552,
            "rate": 6550.978965662269
        },
        "http_req_failed": {
            "passes": 0,
            "fails": 208,
            "thresholds": {
                "rate<0.02": false
            },
            "value": 0
        },
        "http_req_tls_handshaking": {
            "med": 0,
            "p(90)": 0,
            "p(95)": 0,
            "p(99)": 0,
            "max": 0,
            "avg": 0,
            "min": 0
        },
        "http_req_waiting": {
            "p(95)": 169.21289499999958,
            "p(99)": 349.59091400000074,
            "max": 479.8601,
            "avg": 125.41106346153842,
            "min": 72.3608,
            "med": 119.05675,
            "p(90)": 129.02793
        },
        "http_req_blocked": {
            "med": 0,
            "p(90)": 0,
            "p(95)": 0,
            "p(99)": 0.5164369999999999,
            "max": 2.0505,
            "avg": 0.024061538461538464,
            "min": 0
        },
        "checks": {
            "passes": 208,
            "fails": 0,
            "value": 1
        },
        "iterations": {
            "count": 208,
            "rate": 2.3034384548742155
        },
        "http_reqs": {
            "count": 208,
            "rate": 2.3034384548742155
        },
        "http_req_receiving": {
            "min": 0,
            "med": 0.5042500000000001,
            "p(90)": 0.97484,
            "p(95)": 1.0160649999999998,
            "p(99)": 1.3123740000000002,
            "max": 1.33,
            "avg": 0.49725721153846175
        }
    }
}