{
    "root_group": {
        "id": "d41d8cd98f00b204e9800998ecf8427e",
        "groups": {},
        "checks": {
                "status is 2xx/3xx": {
                    "name": "status is 2xx/3xx",
                    "path": "::status is 2xx/3xx",
                    "id": "31d112b7c260d99cd32154b60b2c588b",
                    "passes": 86,
                    "fails": 0
                }
            },
        "name": "",
        "path": ""
    },
    "metrics": {
        "http_req_tls_handshaking": {
            "avg": 0,
            "min": 0,
            "med": 0,
            "p(90)": 0,
            "p(95)": 0,
            "p(99)": 0,
            "max": 0
        },
        "http_req_waiting": {
            "p(90)": 122.83515,
            "p(95)": 124.02612500000001,
            "p(99)": 126.40716,
            "max": 126.9685,
            "avg": 116.47236744186046,
            "min": 77.7187,
            "med": 118.54115
        },
        "http_req_blocked": {
            "p(90)": 0,
            "p(95)": 0,
            "p(99)": 1.1394850000000003,
            "max": 1.1938,
            "avg": 0.03840465116279069,
            "min": 0,
            "med": 0
        },
        "iteration_duration": {
            "p(95)": 1125.560175,
            "p(99)": 1127.061235,
            "max": 1128.1092,
            "avg": 1117.5833360465117,
            "min": 1078.7243,
            "med": 1119.8168500000002,
            "p(90)": 1123.8573000000001
        },
        "checks": {
            "passes": 86,
            "fails": 0,
            "value": 1
        },
        "data_received": {
            "count": 244584,
            "rate": 6077.954825157932
        },
        "http_req_sending": {
            "min": 0,
            "med": 0,
            "p(90)": 0,
            "p(95)": 0,
            "p(99)": 0.07626000000000288,
            "max": 0.5084,
            "avg": 0.005911627906976744
        },
        "iterations": {
            "count": 86,
            "rate": 2.1371149174254334
        },
        "http_req_duration": {
            "med": 119.07884999999999,
            "p(90)": 122.99745,
            "p(95)": 124.93497500000001,
            "p(99)": 126.667985,
            "max": 127.3428,
            "avg": 116.85566046511629,
            "min": 78.2714,
            "thresholds": {
                "p(95)<1200": false,
                "p(99)<2000": false
            }
        },
        "vus_max": {
            "value": 3,
            "min": 3,
            "max": 3
        },
        "http_reqs": {
            "count": 86,
            "rate": 2.1371149174254334
        },
        "vus": {
            "value": 1,
            "min": 1,
            "max": 3
        },
        "http_req_receiving": {
            "p(99)": 1.0607900000000023,
            "max": 1.4098,
            "avg": 0.37738139534883747,
            "min": 0,
            "med": 0.31135,
            "p(90)": 0.9496,
            "p(95)": 0.9858750000000001
        },
        "http_req_connecting": {
            "avg": 0.03249302325581395,
            "min": 0,
            "med": 0,
            "p(90)": 0,
            "p(95)": 0,
            "p(99)": 1.1394850000000003,
            "max": 1.1938
        },
        "http_req_duration{expected_response:true}": {
            "max": 127.3428,
            "avg": 116.85566046511629,
            "min": 78.2714,
            "med": 119.07884999999999,
            "p(90)": 122.99745,
            "p(95)": 124.93497500000001,
            "p(99)": 126.667985
        },
        "http_req_failed": {
            "passes": 0,
            "fails": 86,
            "thresholds": {
                "rate<0.02": false
            },
            "value": 0
        },
        "data_sent": {
            "rate": 596.2550619616959,
            "count": 23994
        }
    }
}