{
    "root_group": {
        "name": "",
        "path": "",
        "id": "d41d8cd98f00b204e9800998ecf8427e",
        "groups": {},
        "checks": {
                "status is 2xx/3xx": {
                    "passes": 105,
                    "fails": 0,
                    "name": "status is 2xx/3xx",
                    "path": "::status is 2xx/3xx",
                    "id": "31d112b7c260d99cd32154b60b2c588b"
                }
            }
    },
    "metrics": {
        "data_received": {
            "rate": 3294.378406362947,
            "count": 298620
        },
        "http_req_connecting": {
            "avg": 0.018585714285714285,
            "min": 0,
            "med": 0,
            "p(90)": 0,
            "p(95)": 0,
            "p(99)": 0.5065959999999996,
            "max": 0.9959
        },
        "iteration_duration": {
            "p(99)": 5286.05,
            "max": 5378.7334,
            "avg": 2253.245214285714,
            "min": 1395.496,
            "med": 1966.0443,
            "p(90)": 3239.7518,
            "p(95)": 3677.2953399999997
        },
        "iterations": {
            "count": 105,
            "rate": 1.15836090237797
        },
        "http_req_tls_handshaking": {
            "med": 0,
            "p(90)": 0,
            "p(95)": 0,
            "p(99)": 0,
            "max": 0,
            "avg": 0,
            "min": 0
        },
        "vus_max": {
            "value": 3,
            "min": 3,
            "max": 3
        },
        "vus": {
            "value": 1,
            "min": 1,
            "max": 3
        },
        "data_sent": {
            "rate": 310.440721837296,
            "count": 28140
        },
        "http_req_duration{expected_response:true}": {
            "avg": 1252.619995238095,
            "min": 395.0903,
            "med": 965.4101,
            "p(90)": 2239.12954,
            "p(95)": 2676.73658,
            "p(99)": 4285.157464,
            "max": 4378.2266
        },
        "http_reqs": {
            "count": 105,
            "rate": 1.15836090237797
        },
        "http_req_sending": {
            "p(95)": 0.10687999999999961,
            "p(99)": 0.5079279999999997,
            "max": 0.5715,
            "avg": 0.022397142857142855,
            "min": 0,
            "med": 0,
            "p(90)": 0
        },
        "http_req_waiting": {
            "avg": 1177.6867276190471,
            "min": 394.2579,
            "med": 891.166,
            "p(90)": 1941.82832,
            "p(95)": 2569.4699599999994,
            "p(99)": 4270.759311999998,
            "max": 4377.8136
        },
        "http_req_duration": {
            "max": 4378.2266,
            "avg": 1252.619995238095,
            "min": 395.0903,
            "med": 965.4101,
            "p(90)": 2239.12954,
            "p(95)": 2676.73658,
            "p(99)": 4285.157464,
            "thresholds": {
                "p(95)<1200": true,
                "p(99)<2000": true
            }
        },
        "http_req_receiving": {
            "p(95)": 396.35934,
            "p(99)": 508.22194799999977,
            "max": 544.2366,
            "avg": 74.91087047619048,
            "min": 0,
            "med": 0.7293,
            "p(90)": 335.1624600000001
        },
        "http_req_failed": {
            "passes": 0,
            "fails": 105,
            "thresholds": {
                "rate<0.02": false
            },
            "value": 0
        },
        "checks": {
            "fails": 0,
            "passes": 105,
            "value": 1
        },
        "http_req_blocked": {
            "med": 0,
            "p(90)": 0,
            "p(95)": 0,
            "p(99)": 0.9386039999999972,
            "max": 0.9959,
            "avg": 0.023442857142857144,
            "min": 0
        }
    }
}