{
    "metrics": {
        "http_req_connecting": {
            "max": 2.0001,
            "avg": 0.04759387755102041,
            "min": 0,
            "med": 0,
            "p(90)": 0,
            "p(95)": 0.40029999999999605,
            "p(99)": 1.0881819999999982
        },
        "checks": {
            "passes": 147,
            "fails": 0,
            "value": 1
        },
        "vus_max": {
            "min": 10,
            "max": 10,
            "value": 10
        },
        "iteration_duration": {
            "avg": 5229.59171564626,
            "min": 1389.9966,
            "med": 5391.205,
            "p(90)": 6919.001780000002,
            "p(95)": 7453.33715,
            "p(99)": 7970.952355999998,
            "max": 9399.5648
        },
        "http_reqs": {
            "count": 147,
            "rate": 1.6148736232309786
        },
        "http_req_failed": {
            "passes": 0,
            "fails": 147,
            "thresholds": {
                "rate<0.02": false
            },
            "value": 0
        },
        "http_req_blocked": {
            "p(90)": 0,
            "p(95)": 0.50637,
            "p(99)": 1.2146559999999977,
            "max": 2.0001,
            "avg": 0.0572734693877551,
            "min": 0,
            "med": 0
        },
        "http_req_receiving": {
            "p(99)": 1735.5532839999998,
            "max": 1794.037,
            "avg": 413.1873156462586,
            "min": 0,
            "med": 324.7225,
            "p(90)": 1098.52852,
            "p(95)": 1369.011
        },
        "vus": {
            "value": 1,
            "min": 1,
            "max": 10
        },
        "http_req_tls_handshaking": {
            "avg": 0,
            "min": 0,
            "med": 0,
            "p(90)": 0,
            "p(95)": 0,
            "p(99)": 0,
            "max": 0
        },
        "http_req_waiting": {
            "avg": 3813.9650659863933,
            "min": 388.8656,
            "med": 3945.2306,
            "p(90)": 5567.34312,
            "p(95)": 5985.522179999998,
            "p(99)": 6723.145579999998,
            "max": 8398.5055
        },
        "iterations": {
            "count": 147,
            "rate": 1.6148736232309786
        },
        "data_received": {
            "count": 418068,
            "rate": 4592.700584468904
        },
        "http_req_duration{expected_response:true}": {
            "p(99)": 6970.153197999998,
            "max": 8398.5055,
            "avg": 4227.191042857141,
            "min": 389.5967,
            "med": 4390.4042,
            "p(90)": 5918.262840000002,
            "p(95)": 6450.7651
        },
        "http_req_sending": {
            "p(99)": 0.8046019999999963,
            "max": 1.1128,
            "avg": 0.03866122448979592,
            "min": 0,
            "med": 0,
            "p(90)": 0,
            "p(95)": 0.29154999999999887
        },
        "data_sent": {
            "count": 39396,
            "rate": 432.7861310259023
        },
        "http_req_duration": {
            "p(99)": 6970.153197999998,
            "max": 8398.5055,
            "avg": 4227.191042857141,
            "min": 389.5967,
            "med": 4390.4042,
            "p(90)": 5918.262840000002,
            "p(95)": 6450.7651,
            "thresholds": {
                "p(95)<1200": true,
                "p(99)<2000": true
            }
        }
    },
    "root_group": {
        "id": "d41d8cd98f00b204e9800998ecf8427e",
        "groups": {},
        "checks": {
                "status is 2xx/3xx": {
                    "name": "status is 2xx/3xx",
                    "path": "::status is 2xx/3xx",
                    "id": "31d112b7c260d99cd32154b60b2c588b",
                    "passes": 147,
                    "fails": 0
                }
            },
        "name": "",
        "path": ""
    }
}