{
    "metrics": {
        "checks": {
            "passes": 201,
            "fails": 0,
            "value": 1
        },
        "iterations": {
            "count": 201,
            "rate": 2.214822796771718
        },
        "http_req_receiving": {
            "avg": 0.38904676616915423,
            "min": 0,
            "med": 0,
            "p(90)": 1.0094,
            "p(95)": 2.0022,
            "p(99)": 3.3053,
            "max": 5.1027
        },
        "iteration_duration": {
            "p(99)": 1516.7976,
            "max": 1582.8561,
            "avg": 1164.0815582089547,
            "min": 1068.4507,
            "med": 1140.1612,
            "p(90)": 1256.2679,
            "p(95)": 1319.8701
        },
        "http_req_tls_handshaking": {
            "max": 0,
            "avg": 0,
            "min": 0,
            "med": 0,
            "p(90)": 0,
            "p(95)": 0,
            "p(99)": 0
        },
        "http_req_failed": {
            "passes": 0,
            "fails": 201,
            "thresholds": {
                "rate<0.02": false
            },
            "value": 0
        },
        "http_req_connecting": {
            "min": 0,
            "med": 0,
            "p(90)": 0,
            "p(95)": 0,
            "p(99)": 0.5561,
            "max": 2.001,
            "avg": 0.020950248756218908
        },
        "vus": {
            "value": 1,
            "min": 1,
            "max": 3
        },
        "http_req_duration{expected_response:true}": {
            "p(99)": 516.1719,
            "max": 582.0704,
            "avg": 160.24873582089558,
            "min": 65.3535,
            "med": 136.4494,
            "p(90)": 256.1343,
            "p(95)": 316.7945
        },
        "http_req_duration": {
            "avg": 160.24873582089558,
            "min": 65.3535,
            "med": 136.4494,
            "p(90)": 256.1343,
            "p(95)": 316.7945,
            "p(99)": 516.1719,
            "max": 582.0704,
            "thresholds": {
                "p(95)<1200": false,
                "p(99)<2000": false
            }
        },
        "vus_max": {
            "max": 3,
            "value": 3,
            "min": 3
        },
        "data_received": {
            "count": 571644,
            "rate": 6298.956034018765
        },
        "http_req_blocked": {
            "p(99)": 0.9089,
            "max": 2.001,
            "avg": 0.028881094527363187,
            "min": 0,
            "med": 0,
            "p(90)": 0,
            "p(95)": 0
        },
        "data_sent": {
            "count": 56079,
            "rate": 617.9355602993093
        },
        "http_req_waiting": {
            "avg": 159.82165522388058,
            "min": 65.3535,
            "med": 136.4494,
            "p(90)": 253.7604,
            "p(95)": 316.7945,
            "p(99)": 515.6394,
            "max": 582.0704
        },
        "http_req_sending": {
            "avg": 0.038033830845771145,
            "min": 0,
            "med": 0,
            "p(90)": 0,
            "p(95)": 0.1417,
            "p(99)": 1.0142,
            "max": 1.0295
        },
        "http_reqs": {
            "count": 201,
            "rate": 2.214822796771718
        }
    },
    "root_group": {
        "checks": {
            "status is 2xx/3xx": {
                "name": "status is 2xx/3xx",
                "path": "::status is 2xx/3xx",
                "id": "31d112b7c260d99cd32154b60b2c588b",
                "passes": 201,
                "fails": 0
            }
        },
        "name": "",
        "path": "",
        "id": "d41d8cd98f00b204e9800998ecf8427e",
        "groups": {}
    }
}