{
    "metrics": {
        "vus_max": {
            "min": 10,
            "max": 10,
            "value": 10
        },
        "checks": {
            "fails": 0,
            "passes": 657,
            "value": 1
        },
        "http_req_connecting": {
            "min": 0,
            "med": 0,
            "p(90)": 0,
            "p(95)": 0,
            "p(99)": 0.534567999999997,
            "max": 3.5348,
            "avg": 0.014831050228310503
        },
        "http_req_sending": {
            "med": 0,
            "p(90)": 0,
            "p(95)": 0,
            "p(99)": 1.067539999999995,
            "max": 2.1924,
            "avg": 0.0395054794520548,
            "min": 0
        },
        "http_req_waiting": {
            "p(90)": 261.7925,
            "p(95)": 335.90697999999963,
            "p(99)": 482.5221479999968,
            "max": 674.0323,
            "avg": 158.83732267884335,
            "min": 57.4702,
            "med": 136.1393
        },
        "vus": {
            "max": 10,
            "value": 1,
            "min": 1
        },
        "http_req_blocked": {
            "avg": 0.024782800608828006,
            "min": 0,
            "med": 0,
            "p(90)": 0,
            "p(95)": 0,
            "p(99)": 1.0296039999999997,
            "max": 3.5348
        },
        "http_req_receiving": {
            "avg": 0.430923592085236,
            "min": 0,
            "med": 0,
            "p(90)": 1.27798,
            "p(95)": 2.035719999999999,
            "p(99)": 3.914427999999985,
            "max": 5.4289
        },
        "data_received": {
            "count": 1868508,
            "rate": 20619.662967672037
        },
        "data_sent": {
            "count": 183303,
            "rate": 2022.8150379678264
        },
        "http_req_duration{expected_response:true}": {
            "max": 675.3741,
            "avg": 159.30775175038076,
            "min": 57.4702,
            "med": 136.4175,
            "p(90)": 262.22391999999996,
            "p(95)": 336.0285199999996,
            "p(99)": 482.5221479999968
        },
        "http_reqs": {
            "rate": 7.250233110995794,
            "count": 657
        },
        "http_req_tls_handshaking": {
            "avg": 0,
            "min": 0,
            "med": 0,
            "p(90)": 0,
            "p(95)": 0,
            "p(99)": 0,
            "max": 0
        },
        "iterations": {
            "count": 657,
            "rate": 7.250233110995794
        },
        "http_req_duration": {
            "p(90)": 262.22391999999996,
            "p(95)": 336.0285199999996,
            "p(99)": 482.5221479999968,
            "max": 675.3741,
            "avg": 159.30775175038076,
            "min": 57.4702,
            "med": 136.4175,
            "thresholds": {
                "p(95)<1200": false,
                "p(99)<2000": false
            }
        },
        "http_req_failed": {
            "passes": 0,
            "fails": 657,
            "thresholds": {
                "rate<0.02": false
            },
            "value": 0
        },
        "iteration_duration": {
            "min": 1058.631,
            "med": 1140.149,
            "p(90)": 1263.866,
            "p(95)": 1337.6794599999996,
            "p(99)": 1483.0050279999969,
            "max": 1676.6386,
            "avg": 1163.0130719939114
        }
    },
    "root_group": {
        "id": "d41d8cd98f00b204e9800998ecf8427e",
        "groups": {},
        "checks": {
                "status is 2xx/3xx": {
                    "name": "status is 2xx/3xx",
                    "path": "::status is 2xx/3xx",
                    "id": "31d112b7c260d99cd32154b60b2c588b",
                    "passes": 657,
                    "fails": 0
                }
            },
        "name": "",
        "path": ""
    }
}