{
    "root_group": {
        "path": "",
        "id": "d41d8cd98f00b204e9800998ecf8427e",
        "groups": {},
        "checks": {
                "status is 2xx/3xx": {
                    "name": "status is 2xx/3xx",
                    "path": "::status is 2xx/3xx",
                    "id": "31d112b7c260d99cd32154b60b2c588b",
                    "passes": 365,
                    "fails": 0
                }
            },
        "name": ""
    },
    "metrics": {
        "http_reqs": {
            "count": 365,
            "rate": 7.21892603202795
        },
        "checks": {
            "passes": 365,
            "fails": 0,
            "value": 1
        },
        "http_req_duration{expected_response:true}": {
            "p(95)": 153.51694,
            "p(99)": 241.8163480000001,
            "max": 316.1939,
            "avg": 123.96323068493146,
            "min": 51.4958,
            "med": 120.7267,
            "p(90)": 144.4793
        },
        "http_req_tls_handshaking": {
            "avg": 0,
            "min": 0,
            "med": 0,
            "p(90)": 0,
            "p(95)": 0,
            "p(99)": 0,
            "max": 0
        },
        "http_req_receiving": {
            "p(95)": 1.7105400000000002,
            "p(99)": 3.2496520000000033,
            "max": 4.082,
            "avg": 0.40345369863013686,
            "min": 0,
            "med": 0,
            "p(90)": 1.1116200000000007
        },
        "http_req_blocked": {
            "max": 1.6673,
            "avg": 0.03145260273972603,
            "min": 0,
            "med": 0,
            "p(90)": 0,
            "p(95)": 0,
            "p(99)": 1.0913160000000013
        },
        "http_req_connecting": {
            "avg": 0.023116164383561646,
            "min": 0,
            "med": 0,
            "p(90)": 0,
            "p(95)": 0,
            "p(99)": 0.9894320000000009,
            "max": 1.6673
        },
        "http_req_sending": {
            "min": 0,
            "med": 0,
            "p(90)": 0,
            "p(95)": 0.23332000000000044,
            "p(99)": 1.029608,
            "max": 3.504,
            "avg": 0.04551260273972603
        },
        "http_req_duration": {
            "max": 316.1939,
            "avg": 123.96323068493146,
            "min": 51.4958,
            "med": 120.7267,
            "p(90)": 144.4793,
            "p(95)": 153.51694,
            "p(99)": 241.8163480000001,
            "thresholds": {
                "p(99)<2000": false,
                "p(95)<1200": false
            }
        },
        "vus_max": {
            "value": 10,
            "min": 10,
            "max": 10
        },
        "http_req_waiting": {
            "p(95)": 153.48646,
            "p(99)": 241.45613200000008,
            "max": 316.1167,
            "avg": 123.51426438356161,
            "min": 51.4958,
            "med": 120.1421,
            "p(90)": 144.2731
        },
        "data_sent": {
            "count": 101835,
            "rate": 2014.0803629357981
        },
        "http_req_failed": {
            "passes": 0,
            "fails": 365,
            "thresholds": {
                "rate<0.02": false
            },
            "value": 0
        },
        "vus": {
            "value": 1,
            "min": 1,
            "max": 10
        },
        "iteration_duration": {
            "p(99)": 1242.975212,
            "max": 1316.3065,
            "avg": 1127.276169315069,
            "min": 1058.8946,
            "med": 1123.9116,
            "p(90)": 1148.6551000000002,
            "p(95)": 1162.3499
        },
        "data_received": {
            "count": 1038060,
            "rate": 20530.62563508749
        },
        "iterations": {
            "count": 365,
            "rate": 7.21892603202795
        }
    }
}