{
    "metrics": {
        "http_reqs": {
            "count": 110,
            "rate": 0.5238043082151977
        },
        "http_req_duration": {
            "p(99)": 60001.292915,
            "max": 60001.4195,
            "avg": 7914.173189090911,
            "min": 398.7856,
            "med": 2244.8123,
            "p(90)": 11195.2805,
            "p(95)": 60000.82761,
            "thresholds": {
                "p(95)<1200": true,
                "p(99)<2000": true
            }
        },
        "http_req_sending": {
            "avg": 1.4112972727272726,
            "min": 0,
            "med": 0,
            "p(90)": 0,
            "p(95)": 0,
            "p(99)": 0.4846419999999989,
            "max": 154.5409
        },
        "http_req_waiting": {
            "avg": 7625.044094545456,
            "min": 398.5984,
            "med": 2031.4341,
            "p(90)": 11067.250630000002,
            "p(95)": 60000.39714,
            "p(99)": 60001.292915,
            "max": 60001.4195
        },
        "vus": {
            "value": 1,
            "min": 1,
            "max": 10
        },
        "vus_max": {
            "value": 10,
            "min": 10,
            "max": 10
        },
        "iterations": {
            "count": 110,
            "rate": 0.5238043082151977
        },
        "checks": {
            "passes": 101,
            "fails": 9,
            "value": 0.9181818181818182
        },
        "http_req_failed": {
            "passes": 9,
            "fails": 101,
            "thresholds": {
                "rate<0.02": true
            },
            "value": 0.08181818181818182
        },
        "http_req_duration{expected_response:true}": {
            "med": 1984.5083,
            "p(90)": 10043.4249,
            "p(95)": 11037.409,
            "p(99)": 11343.9803,
            "max": 35780.5484,
            "avg": 3520.2399396039614,
            "min": 398.7856
        },
        "http_req_receiving": {
            "p(99)": 3557.186752999997,
            "max": 4210.2036,
            "avg": 287.7177972727273,
            "min": 0,
            "med": 0.89405,
            "p(90)": 844.2410800000004,
            "p(95)": 1908.30599
        },
        "data_received": {
            "count": 287418,
            "rate": 1368.6435150781426
        },
        "http_req_blocked": {
            "p(95)": 0.5309199999999995,
            "p(99)": 1.1509709999999997,
            "max": 1.9959,
            "avg": 0.08144363636363637,
            "min": 0,
            "med": 0,
            "p(90)": 0.24837000000000065
        },
        "http_req_tls_handshaking": {
            "p(95)": 0,
            "p(99)": 0,
            "max": 0,
            "avg": 0,
            "min": 0,
            "med": 0,
            "p(90)": 0
        },
        "data_sent": {
            "rate": 150.58897675452192,
            "count": 31624
        },
        "http_req_connecting": {
            "max": 1.9959,
            "avg": 0.0636709090909091,
            "min": 0,
            "med": 0,
            "p(90)": 0,
            "p(95)": 0.4965199999999995,
            "p(99)": 1.1383169999999994
        },
        "iteration_duration": {
            "p(99)": 61017.9668,
            "max": 61017.9668,
            "avg": 8915.448986363634,
            "min": 1399.307,
            "med": 3245.3945,
            "p(90)": 12195.911500000002,
            "p(95)": 61001.70105
        }
    },
    "root_group": {
        "path": "",
        "id": "d41d8cd98f00b204e9800998ecf8427e",
        "groups": {},
        "checks": {
                "status is 2xx/3xx": {
                    "path": "::status is 2xx/3xx",
                    "id": "31d112b7c260d99cd32154b60b2c588b",
                    "passes": 101,
                    "fails": 9,
                    "name": "status is 2xx/3xx"
                }
            },
        "name": ""
    }
}